Workbook

Sheet Config
A1: Item | B1: Basic_Price | D1: Region | E1: Base_Churn | G1: Factor | H1: Basic_Mult | J1: Plan | K1: Plan_Mult
A2: Value | D2: NA | E2: 0.043 | G2: Basic_Mult | H2: 1.2 | J2: Basic | K2: 1.2
A3: Basic_Price | B3: 9.99 | D3: LATAM | E3: 0.058 | G3: Standard_Mult | H3: 1 | J3: Standard | K3: 1
A4: Standard_Price | B4: 14.99 | D4: EU | E4: 0.041 | G4: Premium_Mult | H4: 0.75 | J4: Premium | K4: 0.75
A5: Premium_Price | B5: 19.99 | D5: APAC | E5: 0.065 | G5: Sports_Mult | H5: 0.88
A6: Sports_AddOn | B6: 6.99 | G6: Kids_Mult | H6: 0.82 | J6: Plan | K6: Base_Price
A7: Kids_AddOn | B7: 4.99 | J7: Basic | K7: 9.99
J8: Standard | K8: 14.99
J9: Premium | K9: 19.99

Sheet Subscribers
A1: Customer_ID | B1: Region | C1: Plan_Type | D1: Has_Sports | E1: Has_Kids | F1: Signup_Month | G1: Monthly_Price | H1: Base_Churn_Region | I1: Plan_Mult | J1: Sports_Mult | K1: Kids_Mult | L1: Churn_Rate | M1: Rand_Region | N1: Rand_Plan | O1: Rand_Churn | P1: Churn_Month | Q1: Churn_Month_Capped
A2: =ROW()-1 -> 1 | B2: =IF(M2<0.4,"NA", IF(M2<0.6,"LATAM", IF(M2<0.85,"EU","APAC"))) -> EU | C2: =LOOKUP($N2,{0,0.35,0.8},{"Basic","Standard","Premium"}) -> Basic | D2: =IF(RAND()<0.25,"Yes","No") -> Yes | E2: =IF(RAND()<0.3,"Yes","No") -> Yes | F2: =DATE(2024, RANDBETWEEN(1,12), 1) -> 45474 | G2: =_xlfn.XLOOKUP(TRIM(C2),Config!$J$7:$J$9,Config!$K$7:$K$9,0) + IF(D2="Yes",Config!$B$5,0) + IF(E2="Yes",Config!$B$6,0) -> 36.97 | H2: {=_xlfn.SWITCH(TRIM(B2), "NA", Config!$E$2, "LATAM",Config!$E$3, "EU", Config!$E$4, "APAC", Config!$E$5, 0)} -> 0.041 | I2: {=_xlfn.SWITCH(TRIM(C2), "Basic", Config!$H$2, "Standard", Config!$H$3, "Premium", Config!$H$4, 1)} -> 1.2 | J2: =IF(D2="Yes", Config!$H$5, 1) -> 0.88 | K2: =IF(E2="Yes", Config!$H$6, 1) -> 0.82 | L2: =H2*I2*J2*K2 -> 0.03550272 | M2: =RAND() -> 0.82846521 | N2: =RAND() -> 0.20480169 | O2: =RAND() -> 0.53987357 | P2: =IF(L2=0,999,ROUNDUP(LN(1-O2)/LN(1-L2),0)) -> 22 | Q2: =IF(P2>12,999,P2) -> 999
A3: =ROW()-1 -> 2 | B3: =IF(M3<0.4,"NA", IF(M3<0.6,"LATAM", IF(M3<0.85,"EU","APAC"))) -> NA | C3: =LOOKUP($N3,{0,0.35,0.8},{"Basic","Standard","Premium"}) -> Premium | D3: =IF(RAND()<0.25,"Yes","No") -> Yes | E3: =IF(RAND()<0.3,"Yes","No") -> No | F3: =DATE(2024, RANDBETWEEN(1,12), 1) -> 45627 | G3: =_xlfn.XLOOKUP(TRIM(C3),Config!$J$7:$J$9,Config!$K$7:$K$9,0) + IF(D3="Yes",Config!$B$5,0) + IF(E3="Yes",Config!$B$6,0) -> 39.98 | H3: {=_xlfn.SWITCH(TRIM(B3), "NA", Config!$E$2, "LATAM",Config!$E$3, "EU", Config!$E$4, "APAC", Config!$E$5, 0)} -> 0.043 | I3: {=_xlfn.SWITCH(TRIM(C3), "Basic", Config!$H$2, "Standard", Config!$H$3, "Premium", Config!$H$4, 1)} -> 0.75 | J3: =IF(D3="Yes",Config!$H$5,1) -> 0.88 | K3: =IF(E3="Yes",Config!$H$6,1) -> 1 | L3: =H3*I3*J3*K3 -> 0.02838 | M3: =RAND() -> 0.10847569 | N3: =RAND() -> 0.93655757 | O3: =RAND() -> 0.0094753784 | P3: =IF(L3=0,999,ROUNDUP(LN(1-O3)/LN(1-L3),0)) -> 1 | Q3: =IF(P3>12,999,P3) -> 1
A4: =ROW()-1 -> 3 | B4: =IF(M4<0.4,"NA", IF(M4<0.6,"LATAM", IF(M4<0.85,"EU","APAC"))) -> NA | C4: =LOOKUP($N4,{0,0.35,0.8},{"Basic","Standard","Premium"}) -> Standard | D4: =IF(RAND()<0.25,"Yes","No") -> Yes | E4: =IF(RAND()<0.3,"Yes","No") -> No | F4: =DATE(2024, RANDBETWEEN(1,12), 1) -> 45323 | G4: =_xlfn.XLOOKUP(TRIM(C4),Config!$J$7:$J$9,Config!$K$7:$K$9,0) + IF(D4="Yes",Config!$B$5,0) + IF(E4="Yes",Config!$B$6,0) -> 34.98 | H4: {=_xlfn.SWITCH(TRIM(B4), "NA", Config!$E$2, "LATAM",Config!$E$3, "EU", Config!$E$4, "APAC", Config!$E$5, 0)} -> 0.043 | I4: {=_xlfn.SWITCH(TRIM(C4), "Basic", Config!$H$2, "Standard", Config!$H$3, "Premium", Config!$H$4, 1)} -> 1 | J4: =IF(D4="Yes",Config!$H$5,1) -> 0.88 | K4: =IF(E4="Yes",Config!$H$6,1) -> 1 | L4: =H4*I4*J4*K4 -> 0.03784 | M4: =RAND() -> 0.32872507 | N4: =RAND() -> 0.70119154 | O4: =RAND() -> 0.39414051 | P4: =IF(L4=0,999,ROUNDUP(LN(1-O4)/LN(1-L4),0)) -> 13 | Q4: =IF(P4>12,999,P4) -> 999
A5: =ROW()-1 -> 4 | B5: =IF(M5<0.4,"NA", IF(M5<0.6,"LATAM", IF(M5<0.85,"EU","APAC"))) -> NA | C5: =LOOKUP($N5,{0,0.35,0.8},{"Basic","Standard","Premium"}) -> Premium | D5: =IF(RAND()<0.25,"Yes","No") -> No | E5: =IF(RAND()<0.3,"Yes","No") -> No | F5: =DATE(2024, RANDBETWEEN(1,12), 1) -> 45597 | G5: =_xlfn.XLOOKUP(TRIM(C5),Config!$J$7:$J$9,Config!$K$7:$K$9,0) + IF(D5="Yes",Config!$B$5,0) + IF(E5="Yes",Config!$B$6,0) -> 19.99 | H5: {=_xlfn.SWITCH(TRIM(B5), "NA", Config!$E$2, "LATAM",Config!$E$3, "EU", Config!$E$4, "APAC", Config!$E$5, 0)} -> 0.043 | I5: {=_xlfn.SWITCH(TRIM(C5), "Basic", Config!$H$2, "Standard", Config!$H$3, "Premium", Config!$H$4, 1)} -> 0.75 | J5: =IF(D5="Yes",Config!$H$5,1) -> 1 | K5: =IF(E5="Yes",Config!$H$6,1) -> 1 | L5: =H5*I5*J5*K5 -> 0.03225 | M5: =RAND() -> 0.19088821 | N5: =RAND() -> 0.91960232 | O5: =RAND() -> 0.84874491 | P5: =IF(L5=0,999,ROUNDUP(LN(1-O5)/LN(1-L5),0)) -> 58 | Q5: =IF(P5>12,999,P5) -> 999
A6: =ROW()-1 -> 5 | B6: =IF(M6<0.4,"NA", IF(M6<0.6,"LATAM", IF(M6<0.85,"EU","APAC"))) -> EU | C6: =LOOKUP($N6,{0,0.35,0.8},{"Basic","Standard","Premium"}) -> Basic | D6: =IF(RAND()<0.25,"Yes","No") -> Yes | E6: =IF(RAND()<0.3,"Yes","No") -> No | F6: =DATE(2024, RANDBETWEEN(1,12), 1) -> 45536 | G6: =_xlfn.XLOOKUP(TRIM(C6),Config!$J$7:$J$9,Config!$K$7:$K$9,0) + IF(D6="Yes",Config!$B$5,0) + IF(E6="Yes",Config!$B$6,0) -> 29.98 | H6: {=_xlfn.SWITCH(TRIM(B6), "NA", Config!$E$2, "LATAM",Config!$E$3, "EU", Config!$E$4, "APAC", Config!$E$5, 0)} -> 0.041 | I6: {=_xlfn.SWITCH(TRIM(C6), "Basic", Config!$H$2, "Standard", Config!$H$3, "Premium", Config!$H$4, 1)} -> 1.2 | J6: =IF(D6="Yes",Config!$H$5,1) -> 0.88 | K6: =IF(E6="Yes",Config!$H$6,1) -> 1 | L6: =H6*I6*J6*K6 -> 0.043296 | M6: =RAND() -> 0.80114645 | N6: =RAND() -> 0.30392009 | O6: =RAND() -> 0.58637817 | P6: =IF(L6=0,999,ROUNDUP(LN(1-O6)/LN(1-L6),0)) -> 20 | Q6: =IF(P6>12,999,P6) -> 999
A7: =ROW()-1 -> 6 | B7: =IF(M7<0.4,"NA", IF(M7<0.6,"LATAM", IF(M7<0.85,"EU","APAC"))) -> LATAM | C7: =LOOKUP($N7,{0,0.35,0.8},{"Basic","Standard","Premium"}) -> Premium | D7: =IF(RAND()<0.25,"Yes","No") -> No | E7: =IF(RAND()<0.3,"Yes","No") -> No | F7: =DATE(2024, RANDBETWEEN(1,12), 1) -> 45474 | G7: =_xlfn.XLOOKUP(TRIM(C7),Config!$J$7:$J$9,Config!$K$7:$K$9,0) + IF(D7="Yes",Config!$B$5,0) + IF(E7="Yes",Config!$B$6,0) -> 19.99 | H7: {=_xlfn.SWITCH(TRIM(B7), "NA", Config!$E$2, "LATAM",Config!$E$3, "EU", Config!$E$4, "APAC", Config!$E$5, 0)} -> 0.058 | I7: {=_xlfn.SWITCH(TRIM(C7), "Basic", Config!$H$2, "Standard", Config!$H$3, "Premium", Config!$H$4, 1)} -> 0.75 | J7: =IF(D7="Yes",Config!$H$5,1) -> 1 | K7: =IF(E7="Yes",Config!$H$6,1) -> 1 | L7: =H7*I7*J7*K7 -> 0.0435 | M7: =RAND() -> 0.41197486 | N7: =RAND() -> 0.84054934 | O7: =RAND() -> 0.67506811 | P7: =IF(L7=0,999,ROUNDUP(LN(1-O7)/LN(1-L7),0)) -> 26 | Q7: =IF(P7>12,999,P7) -> 999
A8: =ROW()-1 -> 7 | B8: =IF(M8<0.4,"NA", IF(M8<0.6,"LATAM", IF(M8<0.85,"EU","APAC"))) -> NA | C8: =LOOKUP($N8,{0,0.35,0.8},{"Basic","Standard","Premium"}) -> Standard | D8: =IF(RAND()<0.25,"Yes","No") -> No | E8: =IF(RAND()<0.3,"Yes","No") -> No | F8: =DATE(2024, RANDBETWEEN(1,12), 1) -> 45474 | G8: =_xlfn.XLOOKUP(TRIM(C8),Config!$J$7:$J$9,Config!$K$7:$K$9,0) + IF(D8="Yes",Config!$B$5,0) + IF(E8="Yes",Config!$B$6,0) -> 14.99 | H8: {=_xlfn.SWITCH(TRIM(B8), "NA", Config!$E$2, "LATAM",Config!$E$3, "EU", Config!$E$4, "APAC", Config!$E$5, 0)} -> 0.043 | I8: {=_xlfn.SWITCH(TRIM(C8), "Basic", Config!$H$2, "Standard", Config!$H$3, "Premium", Config!$H$4, 1)} -> 1 | J8: =IF(D8="Yes",Config!$H$5,1) -> 1 | K8: =IF(E8="Yes",Config!$H$6,1) -> 1 | L8: =H8*I8*J8*K8 -> 0.043 | M8: =RAND() -> 0.19913038 | N8: =RAND() -> 0.75527212 | O8: =RAND() -> 0.93686922 | P8: =IF(L8=0,999,ROUNDUP(LN(1-O8)/LN(1-L8),0)) -> 63 | Q8: =IF(P8>12,999,P8) -> 999
A9: =ROW()-1 -> 8 | B9: =IF(M9<0.4,"NA", IF(M9<0.6,"LATAM", IF(M9<0.85,"EU","APAC"))) -> EU | C9: =LOOKUP($N9,{0,0.35,0.8},{"Basic","Standard","Premium"}) -> Basic | D9: =IF(RAND()<0.25,"Yes","No") -> No | E9: =IF(RAND()<0.3,"Yes","No") -> No | F9: =DATE(2024, RANDBETWEEN(1,12), 1) -> 45292 | G9: =_xlfn.XLOOKUP(TRIM(C9),Config!$J$7:$J$9,Config!$K$7:$K$9,0) + IF(D9="Yes",Config!$B$5,0) + IF(E9="Yes",Config!$B$6,0) -> 9.99 | H9: {=_xlfn.SWITCH(TRIM(B9), "NA", Config!$E$2, "LATAM",Config!$E$3, "EU", Config!$E$4, "APAC", Config!$E$5, 0)} -> 0.041 | I9: {=_xlfn.SWITCH(TRIM(C9), "Basic", Config!$H$2, "Standard", Config!$H$3, "Premium", Config!$H$4, 1)} -> 1.2 | J9: =IF(D9="Yes",Config!$H$5,1) -> 1 | K9: =IF(E9="Yes",Config!$H$6,1) -> 1 | L9: =H9*I9*J9*K9 -> 0.0492 | M9: =RAND() -> 0.71655231 | N9: =RAND() -> 0.0051446514 | O9: =RAND() -> 0.20733231 | P9: =IF(L9=0,999,ROUNDUP(LN(1-O9)/LN(1-L9),0)) -> 5 | Q9: =IF(P9>12,999,P9) -> 5
A10: =ROW()-1 -> 9 | B10: =IF(M10<0.4,"NA", IF(M10<0.6,"LATAM", IF(M10<0.85,"EU","APAC"))) -> NA | C10: =LOOKUP($N10,{0,0.35,0.8},{"Basic","Standard","Premium"}) -> Standard | D10: =IF(RAND()<0.25,"Yes","No") -> Yes | E10: =IF(RAND()<0.3,"Yes","No") -> No | F10: =DATE(2024, RANDBETWEEN(1,12), 1) -> 45474 | G10: =_xlfn.XLOOKUP(TRIM(C10),Config!$J$7:$J$9,Config!$K$7:$K$9,0) + IF(D10="Yes",Config!$B$5,0) + IF(E10="Yes",Config!$B$6,0) -> 34.98 | H10: {=_xlfn.SWITCH(TRIM(B10), "NA", Config!$E$2, "LATAM",Config!$E$3, "EU", Config!$E$4, "APAC", Config!$E$5, 0)} -> 0.043 | I10: {=_xlfn.SWITCH(TRIM(C10), "Basic", Config!$H$2, "Standard", Config!$H$3, "Premium", Config!$H$4, 1)} -> 1 | J10: =IF(D10="Yes",Config!$H$5,1) -> 0.88 | K10: =IF(E10="Yes",Config!$H$6,1) -> 1 | L10: =H10*I10*J10*K10 -> 0.03784 | M10: =RAND() -> 0.16375414 | N10: =RAND() -> 0.50423739 | O10: =RAND() -> 0.31037253 | P10: =IF(L10=0,999,ROUNDUP(LN(1-O10)/LN(1-L10),0)) -> 10 | Q10: =IF(P10>12,999,P10) -> 10
A11: =ROW()-1 -> 10 | B11: =IF(M11<0.4,"NA", IF(M11<0.6,"LATAM", IF(M11<0.85,"EU","APAC"))) -> LATAM | C11: =LOOKUP($N11,{0,0.35,0.8},{"Basic","Standard","Premium"}) -> Basic | D11: =IF(RAND()<0.25,"Yes","No") -> No | E11: =IF(RAND()<0.3,"Yes","No") -> No | F11: =DATE(2024, RANDBETWEEN(1,12), 1) -> 45292 | G11: =_xlfn.XLOOKUP(TRIM(C11),Config!$J$7:$J$9,Config!$K$7:$K$9,0) + IF(D11="Yes",Config!$B$5,0) + IF(E11="Yes",Config!$B$6,0) -> 9.99 | H11: {=_xlfn.SWITCH(TRIM(B11), "NA", Config!$E$2, "LATAM",Config!$E$3, "EU", Config!$E$4, "APAC", Config!$E$5, 0)} -> 0.058 | I11: {=_xlfn.SWITCH(TRIM(C11), "Basic", Config!$H$2, "Standard", Config!$H$3, "Premium", Config!$H$4, 1)} -> 1.2 | J11: =IF(D11="Yes",Config!$H$5,1) -> 1 | K11: =IF(E11="Yes",Config!$H$6,1) -> 1 | L11: =H11*I11*J11*K11 -> 0.0696 | M11: =RAND() -> 0.5568943 | N11: =RAND() -> 0.31127879 | O11: =RAND() -> 0.94277362 | P11: =IF(L11=0,999,ROUNDUP(LN(1-O11)/LN(1-L11),0)) -> 40 | Q11: =IF(P11>12,999,P11) -> 999
A12: =ROW()-1 -> 11 | B12: =IF(M12<0.4,"NA", IF(M12<0.6,"LATAM", IF(M12<0.85,"EU","APAC"))) -> NA | C12: =LOOKUP($N12,{0,0.35,0.8},{"Basic","Standard","Premium"}) -> Basic | D12: =IF(RAND()<0.25,"Yes","No") -> No | E12: =IF(RAND()<0.3,"Yes","No") -> Yes | F12: =DATE(2024, RANDBETWEEN(1,12), 1) -> 45597 | G12: =_xlfn.XLOOKUP(TRIM(C12),Config!$J$7:$J$9,Config!$K$7:$K$9,0) + IF(D12="Yes",Config!$B$5,0) + IF(E12="Yes",Config!$B$6,0) -> 16.98 | H12: {=_xlfn.SWITCH(TRIM(B12), "NA", Config!$E$2, "LATAM",Config!$E$3, "EU", Config!$E$4, "APAC", Config!$E$5, 0)} -> 0.043 | I12: {=_xlfn.SWITCH(TRIM(C12), "Basic", Config!$H$2, "Standard", Config!$H$3, "Premium", Config!$H$4, 1)} -> 1.2 | J12: =IF(D12="Yes",Config!$H$5,1) -> 1 | K12: =IF(E12="Yes",Config!$H$6,1) -> 0.82 | L12: =H12*I12*J12*K12 -> 0.042312 | M12: =RAND() -> 0.2766464 | N12: =RAND() -> 0.3028964 | O12: =RAND() -> 0.76057395 | P12: =IF(L12=0,999,ROUNDUP(LN(1-O12)/LN(1-L12),0)) -> 34 | Q12: =IF(P12>12,999,P12) -> 999
A13: =ROW()-1 -> 12 | B13: =IF(M13<0.4,"NA", IF(M13<0.6,"LATAM", IF(M13<0.85,"EU","APAC"))) -> APAC | C13: =LOOKUP($N13,{0,0.35,0.8},{"Basic","Standard","Premium"}) -> Basic | D13: =IF(RAND()<0.25,"Yes","No") -> No | E13: =IF(RAND()<0.3,"Yes","No") -> Yes | F13: =DATE(2024, RANDBETWEEN(1,12), 1) -> 45505 | G13: =_xlfn.XLOOKUP(TRIM(C13),Config!$J$7:$J$9,Config!$K$7:$K$9,0) + IF(D13="Yes",Config!$B$5,0) + IF(E13="Yes",Config!$B$6,0) -> 16.98 | H13: {=_xlfn.SWITCH(TRIM(B13), "NA", Config!$E$2, "LATAM",Config!$E$3, "EU", Config!$E$4, "APAC", Config!$E$5, 0)} -> 0.065 | I13: {=_xlfn.SWITCH(TRIM(C13), "Basic", Config!$H$2, "Standard", Config!$H$3, "Premium", Config!$H$4, 1)} -> 1.2 | J13: =IF(D13="Yes",Config!$H$5,1) -> 1 | K13: =IF(E13="Yes",Config!$H$6,1) -> 0.82 | L13: =H13*I13*J13*K13 -> 0.06396 | M13: =RAND() -> 0.88888535 | N13: =RAND() -> 0.22188365 | O13: =RAND() -> 0.16944141 | P13: =IF(L13=0,999,ROUNDUP(LN(1-O13)/LN(1-L13),0)) -> 3 | Q13: =IF(P13>12,999,P13) -> 3
A14: =ROW()-1 -> 13 | B14: =IF(M14<0.4,"NA", IF(M14<0.6,"LATAM", IF(M14<0.85,"EU","APAC"))) -> EU | C14: =LOOKUP($N14,{0,0.35,0.8},{"Basic","Standard","Premium"}) -> Standard | D14: =IF(RAND()<0.25,"Yes","No") -> Yes | E14: =IF(RAND()<0.3,"Yes","No") -> No | F14: =DATE(2024, RANDBETWEEN(1,12), 1) -> 45627 | G14: =_xlfn.XLOOKUP(TRIM(C14),Config!$J$7:$J$9,Config!$K$7:$K$9,0) + IF(D14="Yes",Config!$B$5,0) + IF(E14="Yes",Config!$B$6,0) -> 34.98 | H14: {=_xlfn.SWITCH(TRIM(B14), "NA", Config!$E$2, "LATAM",Config!$E$3, "EU", Config!$E$4, "APAC", Config!$E$5, 0)} -> 0.041 | I14: {=_xlfn.SWITCH(TRIM(C14), "Basic", Config!$H$2, "Standard", Config!$H$3, "Premium", Config!$H$4, 1)} -> 1 | J14: =IF(D14="Yes",Config!$H$5,1) -> 0.88 | K14: =IF(E14="Yes",Config!$H$6,1) -> 1 | L14: =H14*I14*J14*K14 -> 0.03608 | M14: =RAND() -> 0.64505172 | N14: =RAND() -> 0.67906925 | O14: =RAND() -> 0.93828468 | P14: =IF(L14=0,999,ROUNDUP(LN(1-O14)/LN(1-L14),0)) -> 76 | Q14: =IF(P14>12,999,P14) -> 999
... A1001: =ROW()-1 -> 1000 | B1001: =IF(M1001<0.4,"NA", IF(M1001<0.6,"LATAM", IF(M1001<0.85,"EU","APAC"))) -> EU | C1001: =LOOKUP($N1001,{0,0.35,0.8},{"Basic","Standard","Premium"}) -> Standard | D1001: =IF(RAND()<0.25,"Yes","No") -> Yes | E1001: =IF(RAND()<0.3,"Yes","No") -> No | F1001: =DATE(2024, RANDBETWEEN(1,12), 1) -> 45383 | G1001: =_xlfn.XLOOKUP(TRIM(C1001),Config!$J$7:$J$9,Config!$K$7:$K$9,0) + IF(D1001="Yes",Config!$B$5,0) + IF(E1001="Yes",Config!$B$6,0) -> 34.98 | H1001: {=_xlfn.SWITCH(TRIM(B1001), "NA", Config!$E$2, "LATAM",Config!$E$3, "EU", Config!$E$4, "APAC", Config!$E$5, 0)} -> 0.041 | I1001: {=_xlfn.SWITCH(TRIM(C1001), "Basic", Config!$H$2, "Standard", Config!$H$3, "Premium", Config!$H$4, 1)} -> 1 | J1001: =IF(D1001="Yes",Config!$H$5,1) -> 0.88 | K1001: =IF(E1001="Yes",Config!$H$6,1) -> 1 | L1001: =H1001*I1001*J1001*K1001 -> 0.03608 | M1001: =RAND() -> 0.75178589 | N1001: =RAND() -> 0.58292647 | O1001: =RAND() -> 0.026376205 | P1001: =IF(L1001=0,999,ROUNDUP(LN(1-O1001)/LN(1-L1001),0)) -> 1 | Q1001: =IF(P1001>12,999,P1001) -> 1

Sheet Months
A1: Month_Start | B1: Month_Index
A2: =DATE(2024,1,1) -> 45292 | B2: =ROW()-1 -> 1
A3: =EDATE(A2,1) -> 45323 | B3: =B2+1 -> 2
A4: =EDATE(A3,1) -> 45352 | B4: =B3+1 -> 3
A5: =EDATE(A4,1) -> 45383 | B5: =B4+1 -> 4
A6: =EDATE(A5,1) -> 45413 | B6: =B5+1 -> 5
A7: =EDATE(A6,1) -> 45444 | B7: =B6+1 -> 6
A8: =EDATE(A7,1) -> 45474 | B8: =B7+1 -> 7
A9: =EDATE(A8,1) -> 45505 | B9: =B8+1 -> 8
A10: =EDATE(A9,1) -> 45536 | B10: =B9+1 -> 9
A11: =EDATE(A10,1) -> 45566 | B11: =B10+1 -> 10
A12: =EDATE(A11,1) -> 45597 | B12: =B11+1 -> 11
A13: =EDATE(A12,1) -> 45627 | B13: =B12+1 -> 12

Sheet Fact_Monthly
A1: Customer_ID | B1: Month_Index | C1: Month_Start | D1: Signup_Month | E1: Churn_Month | F1: Is_Active | G1: Churn_Flag | H1: Monthly_Price | I1: Revenue | K1: Month_Index | L1: Active_Customers | M1: Cancels | N1: MRR | O1: Churn rate per month | P1: ARPU – Average Revenue Per User | Q1: Q (LTV – Lifetime Value)
A2: {=INDEX(Subscribers!$A$2:$A$1001, INT((ROW()-2)/12)+1)} -> 1 | B2: =MOD(ROW()-2,12)+1 -> 1 | C2: {=INDEX(Months!$A$2:$A$13, $B2)} -> 45292 | D2: {=INDEX(Subscribers!$F$2:$F$1001, INT((ROW()-2)/12)+1)} -> 45474 | E2: {=INDEX(Subscribers!$Q$2:$Q$1001, INT((ROW()-2)/12)+1)} -> 999 | F2: =--( AND($C2>=$D2, IF($E2=999, TRUE, $B2<$E2)) ) -> 0 | G2: =IF($E2=999,0,IF($B2=$E2,1,0)) -> 0 | H2: {=INDEX(Subscribers!$G$2:$G$1001, INT((ROW()-2)/12)+1)} -> 36.97 | I2: =IF($F2=1,$H2,0) -> 0 | K2: =ROW()-1 -> 1 | L2: =SUMIFS($F:$F,$B:$B,K2) -> 73 | M2: =SUMIFS($G:$G,$B:$B,K2) -> 50 | N2: =SUMIFS($I:$I,$B:$B,K2) -> 1626.82 | O2: =IF(L2=0,0,M2/L2) -> 0.68493151 | P2: =IF(L2=0,0,N2/L2) -> 22.285205 | Q2: =IF(O2=0,0,P2/O2) -> 32.5364
A3: {=INDEX(Subscribers!$A$2:$A$1001, INT((ROW()-2)/12)+1)} -> 1 | B3: =MOD(ROW()-2,12)+1 -> 2 | C3: {=INDEX(Months!$A$2:$A$13, $B3)} -> 45323 | D3: {=INDEX(Subscribers!$F$2:$F$1001, INT((ROW()-2)/12)+1)} -> 45474 | E3: {=INDEX(Subscribers!$Q$2:$Q$1001, INT((ROW()-2)/12)+1)} -> 999 | F3: =--( AND($C3>=$D3, IF($E3=999, TRUE, $B3<$E3)) ) -> 0 | G3: =IF($E3=999,0,IF($B3=$E3,1,0)) -> 0 | H3: {=INDEX(Subscribers!$G$2:$G$1001, INT((ROW()-2)/12)+1)} -> 36.97 | I3: =IF($F3=1,$H3,0) -> 0 | K3: =ROW()-1 -> 2 | L3: =SUMIFS($F:$F,$B:$B,K3) -> 157 | M3: =SUMIFS($G:$G,$B:$B,K3) -> 35 | N3: =SUMIFS($I:$I,$B:$B,K3) -> 3282.58 | O3: =IF(L3=0,0,M3/L3) -> 0.22292994 | P3: =IF(L3=0,0,N3/L3) -> 20.908153 | Q3: =IF(O3=0,0,P3/O3) -> 93.788
A4: {=INDEX(Subscribers!$A$2:$A$1001, INT((ROW()-2)/12)+1)} -> 1 | B4: =MOD(ROW()-2,12)+1 -> 3 | C4: {=INDEX(Months!$A$2:$A$13, $B4)} -> 45352 | D4: {=INDEX(Subscribers!$F$2:$F$1001, INT((ROW()-2)/12)+1)} -> 45474 | E4: {=INDEX(Subscribers!$Q$2:$Q$1001, INT((ROW()-2)/12)+1)} -> 999 | F4: =--( AND($C4>=$D4, IF($E4=999, TRUE, $B4<$E4)) ) -> 0 | G4: =IF($E4=999,0,IF($B4=$E4,1,0)) -> 0 | H4: {=INDEX(Subscribers!$G$2:$G$1001, INT((ROW()-2)/12)+1)} -> 36.97 | I4: =IF($F4=1,$H4,0) -> 0 | K4: =ROW()-1 -> 3 | L4: =SUMIFS($F:$F,$B:$B,K4) -> 216 | M4: =SUMIFS($G:$G,$B:$B,K4) -> 39 | N4: =SUMIFS($I:$I,$B:$B,K4) -> 4610.63 | O4: =IF(L4=0,0,M4/L4) -> 0.18055556 | P4: =IF(L4=0,0,N4/L4) -> 21.345509 | Q4: =IF(O4=0,0,P4/O4) -> 118.22128
A5: {=INDEX(Subscribers!$A$2:$A$1001, INT((ROW()-2)/12)+1)} -> 1 | B5: =MOD(ROW()-2,12)+1 -> 4 | C5: {=INDEX(Months!$A$2:$A$13, $B5)} -> 45383 | D5: {=INDEX(Subscribers!$F$2:$F$1001, INT((ROW()-2)/12)+1)} -> 45474 | E5: {=INDEX(Subscribers!$Q$2:$Q$1001, INT((ROW()-2)/12)+1)} -> 999 | F5: =--( AND($C5>=$D5, IF($E5=999, TRUE, $B5<$E5)) ) -> 0 | G5: =IF($E5=999,0,IF($B5=$E5,1,0)) -> 0 | H5: {=INDEX(Subscribers!$G$2:$G$1001, INT((ROW()-2)/12)+1)} -> 36.97 | I5: =IF($F5=1,$H5,0) -> 0 | K5: =ROW()-1 -> 4 | L5: =SUMIFS($F:$F,$B:$B,K5) -> 289 | M5: =SUMIFS($G:$G,$B:$B,K5) -> 42 | N5: =SUMIFS($I:$I,$B:$B,K5) -> 6141.55 | O5: =IF(L5=0,0,M5/L5) -> 0.14532872 | P5: =IF(L5=0,0,N5/L5) -> 21.251038 | Q5: =IF(O5=0,0,P5/O5) -> 146.22738
A6: {=INDEX(Subscribers!$A$2:$A$1001, INT((ROW()-2)/12)+1)} -> 1 | B6: =MOD(ROW()-2,12)+1 -> 5 | C6: {=INDEX(Months!$A$2:$A$13, $B6)} -> 45413 | D6: {=INDEX(Subscribers!$F$2:$F$1001, INT((ROW()-2)/12)+1)} -> 45474 | E6: {=INDEX(Subscribers!$Q$2:$Q$1001, INT((ROW()-2)/12)+1)} -> 999 | F6: =--( AND($C6>=$D6, IF($E6=999, TRUE, $B6<$E6)) ) -> 0 | G6: =IF($E6=999,0,IF($B6=$E6,1,0)) -> 0 | H6: {=INDEX(Subscribers!$G$2:$G$1001, INT((ROW()-2)/12)+1)} -> 36.97 | I6: =IF($F6=1,$H6,0) -> 0 | K6: =ROW()-1 -> 5 | L6: =SUMIFS($F:$F,$B:$B,K6) -> 337 | M6: =SUMIFS($G:$G,$B:$B,K6) -> 38 | N6: =SUMIFS($I:$I,$B:$B,K6) -> 7137.85 | O6: =IF(L6=0,0,M6/L6) -> 0.11275964 | P6: =IF(L6=0,0,N6/L6) -> 21.180564 | Q6: =IF(O6=0,0,P6/O6) -> 187.83816
A7: {=INDEX(Subscribers!$A$2:$A$1001, INT((ROW()-2)/12)+1)} -> 1 | B7: =MOD(ROW()-2,12)+1 -> 6 | C7: {=INDEX(Months!$A$2:$A$13, $B7)} -> 45444 | D7: {=INDEX(Subscribers!$F$2:$F$1001, INT((ROW()-2)/12)+1)} -> 45474 | E7: {=INDEX(Subscribers!$Q$2:$Q$1001, INT((ROW()-2)/12)+1)} -> 999 | F7: =--( AND($C7>=$D7, IF($E7=999, TRUE, $B7<$E7)) ) -> 0 | G7: =IF($E7=999,0,IF($B7=$E7,1,0)) -> 0 | H7: {=INDEX(Subscribers!$G$2:$G$1001, INT((ROW()-2)/12)+1)} -> 36.97 | I7: =IF($F7=1,$H7,0) -> 0 | K7: =ROW()-1 -> 6 | L7: =SUMIFS($F:$F,$B:$B,K7) -> 386 | M7: =SUMIFS($G:$G,$B:$B,K7) -> 44 | N7: =SUMIFS($I:$I,$B:$B,K7) -> 8153.13 | O7: =IF(L7=0,0,M7/L7) -> 0.11398964 | P7: =IF(L7=0,0,N7/L7) -> 21.122098 | Q7: =IF(O7=0,0,P7/O7) -> 185.29841
A8: {=INDEX(Subscribers!$A$2:$A$1001, INT((ROW()-2)/12)+1)} -> 1 | B8: =MOD(ROW()-2,12)+1 -> 7 | C8: {=INDEX(Months!$A$2:$A$13, $B8)} -> 45474 | D8: {=INDEX(Subscribers!$F$2:$F$1001, INT((ROW()-2)/12)+1)} -> 45474 | E8: {=INDEX(Subscribers!$Q$2:$Q$1001, INT((ROW()-2)/12)+1)} -> 999 | F8: =--( AND($C8>=$D8, IF($E8=999, TRUE, $B8<$E8)) ) -> 1 | G8: =IF($E8=999,0,IF($B8=$E8,1,0)) -> 0 | H8: {=INDEX(Subscribers!$G$2:$G$1001, INT((ROW()-2)/12)+1)} -> 36.97 | I8: =IF($F8=1,$H8,0) -> 36.97 | K8: =ROW()-1 -> 7 | L8: =SUMIFS($F:$F,$B:$B,K8) -> 433 | M8: =SUMIFS($G:$G,$B:$B,K8) -> 26 | N8: =SUMIFS($I:$I,$B:$B,K8) -> 9276.37 | O8: =IF(L8=0,0,M8/L8) -> 0.060046189 | P8: =IF(L8=0,0,N8/L8) -> 21.423487 | Q8: =IF(O8=0,0,P8/O8) -> 356.78346
A9: {=INDEX(Subscribers!$A$2:$A$1001, INT((ROW()-2)/12)+1)} -> 1 | B9: =MOD(ROW()-2,12)+1 -> 8 | C9: {=INDEX(Months!$A$2:$A$13, $B9)} -> 45505 | D9: {=INDEX(Subscribers!$F$2:$F$1001, INT((ROW()-2)/12)+1)} -> 45474 | E9: {=INDEX(Subscribers!$Q$2:$Q$1001, INT((ROW()-2)/12)+1)} -> 999 | F9: =--( AND($C9>=$D9, IF($E9=999, TRUE, $B9<$E9)) ) -> 1 | G9: =IF($E9=999,0,IF($B9=$E9,1,0)) -> 0 | H9: {=INDEX(Subscribers!$G$2:$G$1001, INT((ROW()-2)/12)+1)} -> 36.97 | I9: =IF($F9=1,$H9,0) -> 36.97 | K9: =ROW()-1 -> 8 | L9: =SUMIFS($F:$F,$B:$B,K9) -> 463 | M9: =SUMIFS($G:$G,$B:$B,K9) -> 38 | N9: =SUMIFS($I:$I,$B:$B,K9) -> 10039.8 | O9: =IF(L9=0,0,M9/L9) -> 0.082073434 | P9: =IF(L9=0,0,N9/L9) -> 21.684233 | Q9: =IF(O9=0,0,P9/O9) -> 264.20526
A10: {=INDEX(Subscribers!$A$2:$A$1001, INT((ROW()-2)/12)+1)} -> 1 | B10: =MOD(ROW()-2,12)+1 -> 9 | C10: {=INDEX(Months!$A$2:$A$13, $B10)} -> 45536 | D10: {=INDEX(Subscribers!$F$2:$F$1001, INT((ROW()-2)/12)+1)} -> 45474 | E10: {=INDEX(Subscribers!$Q$2:$Q$1001, INT((ROW()-2)/12)+1)} -> 999 | F10: =--( AND($C10>=$D10, IF($E10=999, TRUE, $B10<$E10)) ) -> 1 | G10: =IF($E10=999,0,IF($B10=$E10,1,0)) -> 0 | H10: {=INDEX(Subscribers!$G$2:$G$1001, INT((ROW()-2)/12)+1)} -> 36.97 | I10: =IF($F10=1,$H10,0) -> 36.97 | K10: =ROW()-1 -> 9 | L10: =SUMIFS($F:$F,$B:$B,K10) -> 498 | M10: =SUMIFS($G:$G,$B:$B,K10) -> 31 | N10: =SUMIFS($I:$I,$B:$B,K10) -> 10850.23 | O10: =IF(L10=0,0,M10/L10) -> 0.062248996 | P10: =IF(L10=0,0,N10/L10) -> 21.78761 | Q10: =IF(O10=0,0,P10/O10) -> 350.00742
A11: {=INDEX(Subscribers!$A$2:$A$1001, INT((ROW()-2)/12)+1)} -> 1 | B11: =MOD(ROW()-2,12)+1 -> 10 | C11: {=INDEX(Months!$A$2:$A$13, $B11)} -> 45566 | D11: {=INDEX(Subscribers!$F$2:$F$1001, INT((ROW()-2)/12)+1)} -> 45474 | E11: {=INDEX(Subscribers!$Q$2:$Q$1001, INT((ROW()-2)/12)+1)} -> 999 | F11: =--( AND($C11>=$D11, IF($E11=999, TRUE, $B11<$E11)) ) -> 1 | G11: =IF($E11=999,0,IF($B11=$E11,1,0)) -> 0 | H11: {=INDEX(Subscribers!$G$2:$G$1001, INT((ROW()-2)/12)+1)} -> 36.97 | I11: =IF($F11=1,$H11,0) -> 36.97 | K11: =ROW()-1 -> 10 | L11: =SUMIFS($F:$F,$B:$B,K11) -> 529 | M11: =SUMIFS($G:$G,$B:$B,K11) -> 23 | N11: =SUMIFS($I:$I,$B:$B,K11) -> 11455.85 | O11: =IF(L11=0,0,M11/L11) -> 0.043478261 | P11: =IF(L11=0,0,N11/L11) -> 21.655671 | Q11: =IF(O11=0,0,P11/O11) -> 498.08043
A12: {=INDEX(Subscribers!$A$2:$A$1001, INT((ROW()-2)/12)+1)} -> 1 | B12: =MOD(ROW()-2,12)+1 -> 11 | C12: {=INDEX(Months!$A$2:$A$13, $B12)} -> 45597 | D12: {=INDEX(Subscribers!$F$2:$F$1001, INT((ROW()-2)/12)+1)} -> 45474 | E12: {=INDEX(Subscribers!$Q$2:$Q$1001, INT((ROW()-2)/12)+1)} -> 999 | F12: =--( AND($C12>=$D12, IF($E12=999, TRUE, $B12<$E12)) ) -> 1 | G12: =IF($E12=999,0,IF($B12=$E12,1,0)) -> 0 | H12: {=INDEX(Subscribers!$G$2:$G$1001, INT((ROW()-2)/12)+1)} -> 36.97 | I12: =IF($F12=1,$H12,0) -> 36.97 | K12: =ROW()-1 -> 11 | L12: =SUMIFS($F:$F,$B:$B,K12) -> 568 | M12: =SUMIFS($G:$G,$B:$B,K12) -> 20 | N12: =SUMIFS($I:$I,$B:$B,K12) -> 12370.19 | O12: =IF(L12=0,0,M12/L12) -> 0.035211268 | P12: =IF(L12=0,0,N12/L12) -> 21.778504 | Q12: =IF(O12=0,0,P12/O12) -> 618.5095
A13: {=INDEX(Subscribers!$A$2:$A$1001, INT((ROW()-2)/12)+1)} -> 1 | B13: =MOD(ROW()-2,12)+1 -> 12 | C13: {=INDEX(Months!$A$2:$A$13, $B13)} -> 45627 | D13: {=INDEX(Subscribers!$F$2:$F$1001, INT((ROW()-2)/12)+1)} -> 45474 | E13: {=INDEX(Subscribers!$Q$2:$Q$1001, INT((ROW()-2)/12)+1)} -> 999 | F13: =--( AND($C13>=$D13, IF($E13=999, TRUE, $B13<$E13)) ) -> 1 | G13: =IF($E13=999,0,IF($B13=$E13,1,0)) -> 0 | H13: {=INDEX(Subscribers!$G$2:$G$1001, INT((ROW()-2)/12)+1)} -> 36.97 | I13: =IF($F13=1,$H13,0) -> 36.97 | K13: =ROW()-1 -> 12 | L13: =SUMIFS($F:$F,$B:$B,K13) -> 587 | M13: =SUMIFS($G:$G,$B:$B,K13) -> 27 | N13: =SUMIFS($I:$I,$B:$B,K13) -> 12830.86 | O13: =IF(L13=0,0,M13/L13) -> 0.045996593 | P13: =IF(L13=0,0,N13/L13) -> 21.858365 | Q13: =IF(O13=0,0,P13/O13) -> 475.21704
A14: {=INDEX(Subscribers!$A$2:$A$1001, INT((ROW()-2)/12)+1)} -> 2 | B14: =MOD(ROW()-2,12)+1 -> 1 | C14: {=INDEX(Months!$A$2:$A$13, $B14)} -> 45292 | D14: {=INDEX(Subscribers!$F$2:$F$1001, INT((ROW()-2)/12)+1)} -> 45627 | E14: {=INDEX(Subscribers!$Q$2:$Q$1001, INT((ROW()-2)/12)+1)} -> 1 | F14: =--( AND($C14>=$D14, IF($E14=999, TRUE, $B14<$E14)) ) -> 0 | G14: =IF($E14=999,0,IF($B14=$E14,1,0)) -> 1 | H14: {=INDEX(Subscribers!$G$2:$G$1001, INT((ROW()-2)/12)+1)} -> 39.98 | I14: =IF($F14=1,$H14,0) -> 0
A15: {=INDEX(Subscribers!$A$2:$A$1001, INT((ROW()-2)/12)+1)} -> 2 | B15: =MOD(ROW()-2,12)+1 -> 2 | C15: {=INDEX(Months!$A$2:$A$13, $B15)} -> 45323 | D15: {=INDEX(Subscribers!$F$2:$F$1001, INT((ROW()-2)/12)+1)} -> 45627 | E15: {=INDEX(Subscribers!$Q$2:$Q$1001, INT((ROW()-2)/12)+1)} -> 1 | F15: =--( AND($C15>=$D15, IF($E15=999, TRUE, $B15<$E15)) ) -> 0 | G15: =IF($E15=999,0,IF($B15=$E15,1,0)) -> 0 | H15: {=INDEX(Subscribers!$G$2:$G$1001, INT((ROW()-2)/12)+1)} -> 39.98 | I15: =IF($F15=1,$H15,0) -> 0
A16: {=INDEX(Subscribers!$A$2:$A$1001, INT((ROW()-2)/12)+1)} -> 2 | B16: =MOD(ROW()-2,12)+1 -> 3 | C16: {=INDEX(Months!$A$2:$A$13, $B16)} -> 45352 | D16: {=INDEX(Subscribers!$F$2:$F$1001, INT((ROW()-2)/12)+1)} -> 45627 | E16: {=INDEX(Subscribers!$Q$2:$Q$1001, INT((ROW()-2)/12)+1)} -> 1 | F16: =--( AND($C16>=$D16, IF($E16=999, TRUE, $B16<$E16)) ) -> 0 | G16: =IF($E16=999,0,IF($B16=$E16,1,0)) -> 0 | H16: {=INDEX(Subscribers!$G$2:$G$1001, INT((ROW()-2)/12)+1)} -> 39.98 | I16: =IF($F16=1,$H16,0) -> 0
A17: {=INDEX(Subscribers!$A$2:$A$1001, INT((ROW()-2)/12)+1)} -> 2 | B17: =MOD(ROW()-2,12)+1 -> 4 | C17: {=INDEX(Months!$A$2:$A$13, $B17)} -> 45383 | D17: {=INDEX(Subscribers!$F$2:$F$1001, INT((ROW()-2)/12)+1)} -> 45627 | E17: {=INDEX(Subscribers!$Q$2:$Q$1001, INT((ROW()-2)/12)+1)} -> 1 | F17: =--( AND($C17>=$D17, IF($E17=999, TRUE, $B17<$E17)) ) -> 0 | G17: =IF($E17=999,0,IF($B17=$E17,1,0)) -> 0 | H17: {=INDEX(Subscribers!$G$2:$G$1001, INT((ROW()-2)/12)+1)} -> 39.98 | I17: =IF($F17=1,$H17,0) -> 0
A18: {=INDEX(Subscribers!$A$2:$A$1001, INT((ROW()-2)/12)+1)} -> 2 | B18: =MOD(ROW()-2,12)+1 -> 5 | C18: {=INDEX(Months!$A$2:$A$13, $B18)} -> 45413 | D18: {=INDEX(Subscribers!$F$2:$F$1001, INT((ROW()-2)/12)+1)} -> 45627 | E18: {=INDEX(Subscribers!$Q$2:$Q$1001, INT((ROW()-2)/12)+1)} -> 1 | F18: =--( AND($C18>=$D18, IF($E18=999, TRUE, $B18<$E18)) ) -> 0 | G18: =IF($E18=999,0,IF($B18=$E18,1,0)) -> 0 | H18: {=INDEX(Subscribers!$G$2:$G$1001, INT((ROW()-2)/12)+1)} -> 39.98 | I18: =IF($F18=1,$H18,0) -> 0
A19: {=INDEX(Subscribers!$A$2:$A$1001, INT((ROW()-2)/12)+1)} -> 2 | B19: =MOD(ROW()-2,12)+1 -> 6 | C19: {=INDEX(Months!$A$2:$A$13, $B19)} -> 45444 | D19: {=INDEX(Subscribers!$F$2:$F$1001, INT((ROW()-2)/12)+1)} -> 45627 | E19: {=INDEX(Subscribers!$Q$2:$Q$1001, INT((ROW()-2)/12)+1)} -> 1 | F19: =--( AND($C19>=$D19, IF($E19=999, TRUE, $B19<$E19)) ) -> 0 | G19: =IF($E19=999,0,IF($B19=$E19,1,0)) -> 0 | H19: {=INDEX(Subscribers!$G$2:$G$1001, INT((ROW()-2)/12)+1)} -> 39.98 | I19: =IF($F19=1,$H19,0) -> 0
A20: {=INDEX(Subscribers!$A$2:$A$1001, INT((ROW()-2)/12)+1)} -> 2 | B20: =MOD(ROW()-2,12)+1 -> 7 | C20: {=INDEX(Months!$A$2:$A$13, $B20)} -> 45474 | D20: {=INDEX(Subscribers!$F$2:$F$1001, INT((ROW()-2)/12)+1)} -> 45627 | E20: {=INDEX(Subscribers!$Q$2:$Q$1001, INT((ROW()-2)/12)+1)} -> 1 | F20: =--( AND($C20>=$D20, IF($E20=999, TRUE, $B20<$E20)) ) -> 0 | G20: =IF($E20=999,0,IF($B20=$E20,1,0)) -> 0 | H20: {=INDEX(Subscribers!$G$2:$G$1001, INT((ROW()-2)/12)+1)} -> 39.98 | I20: =IF($F20=1,$H20,0) -> 0
A21: {=INDEX(Subscribers!$A$2:$A$1001, INT((ROW()-2)/12)+1)} -> 2 | B21: =MOD(ROW()-2,12)+1 -> 8 | C21: {=INDEX(Months!$A$2:$A$13, $B21)} -> 45505 | D21: {=INDEX(Subscribers!$F$2:$F$1001, INT((ROW()-2)/12)+1)} -> 45627 | E21: {=INDEX(Subscribers!$Q$2:$Q$1001, INT((ROW()-2)/12)+1)} -> 1 | F21: =--( AND($C21>=$D21, IF($E21=999, TRUE, $B21<$E21)) ) -> 0 | G21: =IF($E21=999,0,IF($B21=$E21,1,0)) -> 0 | H21: {=INDEX(Subscribers!$G$2:$G$1001, INT((ROW()-2)/12)+1)} -> 39.98 | I21: =IF($F21=1,$H21,0) -> 0
A22: {=INDEX(Subscribers!$A$2:$A$1001, INT((ROW()-2)/12)+1)} -> 2 | B22: =MOD(ROW()-2,12)+1 -> 9 | C22: {=INDEX(Months!$A$2:$A$13, $B22)} -> 45536 | D22: {=INDEX(Subscribers!$F$2:$F$1001, INT((ROW()-2)/12)+1)} -> 45627 | E22: {=INDEX(Subscribers!$Q$2:$Q$1001, INT((ROW()-2)/12)+1)} -> 1 | F22: =--( AND($C22>=$D22, IF($E22=999, TRUE, $B22<$E22)) ) -> 0 | G22: =IF($E22=999,0,IF($B22=$E22,1,0)) -> 0 | H22: {=INDEX(Subscribers!$G$2:$G$1001, INT((ROW()-2)/12)+1)} -> 39.98 | I22: =IF($F22=1,$H22,0) -> 0
A23: {=INDEX(Subscribers!$A$2:$A$1001, INT((ROW()-2)/12)+1)} -> 2 | B23: =MOD(ROW()-2,12)+1 -> 10 | C23: {=INDEX(Months!$A$2:$A$13, $B23)} -> 45566 | D23: {=INDEX(Subscribers!$F$2:$F$1001, INT((ROW()-2)/12)+1)} -> 45627 | E23: {=INDEX(Subscribers!$Q$2:$Q$1001, INT((ROW()-2)/12)+1)} -> 1 | F23: =--( AND($C23>=$D23, IF($E23=999, TRUE, $B23<$E23)) ) -> 0 | G23: =IF($E23=999,0,IF($B23=$E23,1,0)) -> 0 | H23: {=INDEX(Subscribers!$G$2:$G$1001, INT((ROW()-2)/12)+1)} -> 39.98 | I23: =IF($F23=1,$H23,0) -> 0
A24: {=INDEX(Subscribers!$A$2:$A$1001, INT((ROW()-2)/12)+1)} -> 2 | B24: =MOD(ROW()-2,12)+1 -> 11 | C24: {=INDEX(Months!$A$2:$A$13, $B24)} -> 45597 | D24: {=INDEX(Subscribers!$F$2:$F$1001, INT((ROW()-2)/12)+1)} -> 45627 | E24: {=INDEX(Subscribers!$Q$2:$Q$1001, INT((ROW()-2)/12)+1)} -> 1 | F24: =--( AND($C24>=$D24, IF($E24=999, TRUE, $B24<$E24)) ) -> 0 | G24: =IF($E24=999,0,IF($B24=$E24,1,0)) -> 0 | H24: {=INDEX(Subscribers!$G$2:$G$1001, INT((ROW()-2)/12)+1)} -> 39.98 | I24: =IF($F24=1,$H24,0) -> 0
A25: {=INDEX(Subscribers!$A$2:$A$1001, INT((ROW()-2)/12)+1)} -> 2 | B25: =MOD(ROW()-2,12)+1 -> 12 | C25: {=INDEX(Months!$A$2:$A$13, $B25)} -> 45627 | D25: {=INDEX(Subscribers!$F$2:$F$1001, INT((ROW()-2)/12)+1)} -> 45627 | E25: {=INDEX(Subscribers!$Q$2:$Q$1001, INT((ROW()-2)/12)+1)} -> 1 | F25: =--( AND($C25>=$D25, IF($E25=999, TRUE, $B25<$E25)) ) -> 0 | G25: =IF($E25=999,0,IF($B25=$E25,1,0)) -> 0 | H25: {=INDEX(Subscribers!$G$2:$G$1001, INT((ROW()-2)/12)+1)} -> 39.98 | I25: =IF($F25=1,$H25,0) -> 0
... A12001: {=INDEX(Subscribers!$A$2:$A$1001, INT((ROW()-2)/12)+1)} -> 1000 | B12001: =MOD(ROW()-2,12)+1 -> 12 | C12001: {=INDEX(Months!$A$2:$A$13, $B12001)} -> 45627 | D12001: {=INDEX(Subscribers!$F$2:$F$1001, INT((ROW()-2)/12)+1)} -> 45383 | E12001: {=INDEX(Subscribers!$Q$2:$Q$1001, INT((ROW()-2)/12)+1)} -> 1 | F12001: =--( AND($C12001>=$D12001, IF($E12001=999, TRUE, $B12001<$E12001)) ) -> 0 | G12001: =IF($E12001=999,0,IF($B12001=$E12001,1,0)) -> 0 | H12001: {=INDEX(Subscribers!$G$2:$G$1001, INT((ROW()-2)/12)+1)} -> 34.98 | I12001: =IF($F12001=1,$H12001,0) -> 0

Sheet KPI_Summary

Sheet Project_Summary
A1: StreamVerse Subscription Churn & Revenue Analysis
